{"cameraMode":{"drawMode":0,"name":"Shaded","section":"Shading Mode"},"sceneLighting":true,"audioPlay":false,"sceneViewState":{"showFog":false,"showMaterialUpdate":false,"showSkybox":false,"showFlares":false,"showImageEffects":false,"showParticleSystems":false},"in2DMode":false,"pivot":{"x":-3.69818115234375,"y":0.4984205961227417,"z":5.787910461425781},"rotation":{"x":-0.12228483706712723,"y":0.08059314638376236,"z":-0.009963253512978554,"w":-0.9891669750213623},"size":276.1044616699219,"orthographic":false}