{"cameraMode":{"drawMode":0,"name":"Shaded","section":"Shading Mode"},"sceneLighting":true,"audioPlay":false,"sceneViewState":{"showFog":false,"showMaterialUpdate":false,"showSkybox":false,"showFlares":false,"showImageEffects":false,"showParticleSystems":false},"in2DMode":false,"pivot":{"x":1.9747648239135743,"y":2.9146528244018556,"z":1.7195320129394532},"rotation":{"x":-0.33754006028175356,"y":0.1790972650051117,"z":-0.06593901664018631,"w":-0.9220262169837952},"size":11.731553077697754,"orthographic":false}