{"cameraMode":{"drawMode":0,"name":"Shaded","section":"Shading Mode"},"sceneLighting":true,"audioPlay":false,"sceneViewState":{"showFog":false,"showMaterialUpdate":false,"showSkybox":false,"showFlares":false,"showImageEffects":false,"showParticleSystems":false},"in2DMode":false,"pivot":{"x":3.7074427604675295,"y":3.7095108032226564,"z":3.1672592163085939},"rotation":{"x":-0.33354777097702029,"y":0.1558711677789688,"z":-0.05637668818235397,"w":-0.9283111691474915},"size":29.566347122192384,"orthographic":false}