{"cameraMode":{"drawMode":0,"name":"Shaded","section":"Shading Mode"},"sceneLighting":true,"audioPlay":false,"sceneViewState":{"showFog":false,"showMaterialUpdate":false,"showSkybox":false,"showFlares":false,"showImageEffects":false,"showParticleSystems":false},"in2DMode":false,"pivot":{"x":27.39841651916504,"y":-0.9471940398216248,"z":22.851163864135743},"rotation":{"x":0.16346365213394166,"y":-0.09690951555967331,"z":0.016123661771416665,"w":0.9816780090332031},"size":21.349451065063478,"orthographic":true}