{"cameraMode":{"drawMode":0,"name":"Shaded","section":"Shading Mode"},"sceneLighting":true,"audioPlay":false,"sceneViewState":{"showFog":false,"showMaterialUpdate":false,"showSkybox":false,"showFlares":false,"showImageEffects":false,"showParticleSystems":false},"in2DMode":false,"pivot":{"x":0.8285307884216309,"y":-4.687094211578369,"z":3.6278586387634279},"rotation":{"x":-0.5293710231781006,"y":0.02523178793489933,"z":-0.016201402992010118,"w":-0.8481473326683044},"size":14.768577575683594,"orthographic":false}