{"cameraMode":{"drawMode":0,"name":"Shaded","section":"Shading Mode"},"sceneLighting":true,"audioPlay":false,"sceneViewState":{"showFog":false,"showMaterialUpdate":false,"showSkybox":false,"showFlares":false,"showImageEffects":false,"showParticleSystems":false},"in2DMode":false,"pivot":{"x":855.4833984375,"y":188.8072967529297,"z":135.9907989501953},"rotation":{"x":-0.2831580936908722,"y":0.015313650481402874,"z":-0.004521577153354883,"w":-0.958941638469696},"size":1058.4156494140625,"orthographic":true}