{"cameraMode":{"drawMode":0,"name":"Shaded","section":"Shading Mode"},"sceneLighting":false,"audioPlay":false,"sceneViewState":{"showFog":false,"showMaterialUpdate":false,"showSkybox":false,"showFlares":false,"showImageEffects":false,"showParticleSystems":false},"in2DMode":false,"pivot":{"x":-0.8037452697753906,"y":-1.6138304471969605,"z":2.0294580459594728},"rotation":{"x":-0.12228483706712723,"y":0.08059314638376236,"z":-0.009963253512978554,"w":-0.9891669750213623},"size":22.0,"orthographic":false}