{"cameraMode":{"drawMode":0,"name":"Shaded","section":"Shading Mode"},"sceneLighting":true,"audioPlay":false,"sceneViewState":{"showFog":false,"showMaterialUpdate":false,"showSkybox":false,"showFlares":false,"showImageEffects":false,"showParticleSystems":false},"in2DMode":false,"pivot":{"x":-21.917139053344728,"y":13.618849754333496,"z":-19.677858352661134},"rotation":{"x":0.32924842834472659,"y":0.2998548746109009,"z":-0.11112282425165177,"w":0.8884462714195252},"size":40.22522735595703,"orthographic":false}