{"cameraMode":{"drawMode":0,"name":"Shaded","section":"Shading Mode"},"sceneLighting":true,"audioPlay":false,"sceneViewState":{"showFog":false,"showMaterialUpdate":false,"showSkybox":false,"showFlares":false,"showImageEffects":false,"showParticleSystems":false},"in2DMode":false,"pivot":{"x":22.411226272583009,"y":7.1625075340271,"z":-10.224335670471192},"rotation":{"x":0.6753537058830261,"y":0.023217609152197839,"z":-0.021280711516737939,"w":0.7368221879005432},"size":47.804988861083987,"orthographic":false}